Date,Alaska,Arkansas,California,Colorado,Gulf of Mexico,Kansas,Louisiana,Montana,New Mexico,North Dakota,Ohio,Oklahoma,Pennsylvania,Texas,Utah,West Virginia,Wyoming,US Total
Jan-1991,206213,19595,36651,21103,,64057,475615,5317,98168,5413,13138,194179,13538,613705,29169,17794,81224,1956947
Feb-1991,192757,16126,32831,24172,,54742,415395,4533,81480,4886,11794,176577,12153,540324,25803,15880,72419,1737959
Mar-1991,212592,16675,39214,24435,,58012,446189,4861,90924,5408,12855,189362,13271,578880,28696,17289,87728,1889228
Apr-1991,193357,13393,37554,25590,,52088,427529,4866,87912,5186,12191,182592,12588,556087,27430,16401,83390,1799742
May-1991,189547,13191,37761,23263,,50888,421558,4600,87739,5231,12085,181866,12483,561205,26066,16256,79090,1786338
Jun-1991,190891,12183,35557,23548,,46821,394184,3543,83496,5259,11737,168292,12115,546366,25904,15660,78893,1712514
Jul-1991,198657,12113,39094,23557,,45032,392974,3583,78816,5595,11966,176757,12372,555274,26327,15973,79998,1740174
Aug-1991,194613,11439,37700,24550,,42868,396947,4173,84884,5337,11942,171545,12338,551733,27840,15968,84670,1740663
Sep-1991,186968,11397,38819,23440,,43595,399564,4023,85430,4737,11590,167685,11991,550257,23393,15638,79188,1715762
Oct-1991,206342,13248,43053,24584,,50514,436848,4479,93028,4987,12612,180504,13054,590111,28671,17037,84356,1863592
Nov-1991,199164,14747,41556,25178,,58127,434276,4241,91833,5214,12611,179976,13042,588828,28721,16994,86145,1864008
Dec-1991,207795,15525,40046,31698,,63441,458989,4783,94910,5404,13130,184516,13555,612771,25640,17715,81377,1942461
Jan-1992,220207,18688,40367,28269,,65091,453270,5106,97887,5278,12811,184091,12329,598880,27197,16181,91656,1952053
Feb-1992,216672,16702,36985,26307,,56523,402327,4902,88307,4889,11514,166004,11001,528013,25078,14439,66059,1747923
Mar-1992,225612,18015,39291,25490,,53640,420967,5332,96143,5203,12436,165802,11762,553839,25991,15437,86107,1837330
Apr-1992,219351,17364,39024,26125,,47570,411917,4653,103739,4783,11936,168030,11377,538891,23358,14931,82918,1801298
May-1992,214908,17271,39717,27205,,50404,431327,4504,110218,4881,11885,165080,11468,560714,25028,15051,78099,1841543
Jun-1992,204193,16725,36276,27139,,48717,417000,3734,103727,4865,11431,166336,11110,543985,25354,14580,83725,1799501
Jul-1992,207403,17032,37994,26396,,49180,427388,3938,113534,5024,11646,160800,11339,556864,26008,14882,92895,1841528
Aug-1992,205162,17039,36885,27842,,48695,382708,3854,115909,5049,11664,159160,11212,562265,25896,14715,92078,1798984
Sep-1992,213266,16837,35860,27128,,47944,381170,3842,110818,4841,11528,160231,11089,555604,26956,14553,87299,1786200
Oct-1992,229947,18149,37302,28391,,56453,414845,4583,113532,5203,12472,170825,11902,579459,27416,15620,91334,1898912
Nov-1992,225054,18132,34459,29527,,64486,406315,5144,115884,4900,12450,172795,11789,557729,27403,15473,92754,1871098
Dec-1992,243938,18951,34695,34175,,71039,428235,5218,120081,5063,13042,178201,12296,571770,28590,16137,91893,1955878
Jan-1993,241168,17881,35778,32694,,68326,423076,5335,118270,5424,12178,181837,11538,586639,29036,15164,94983,1965166
Feb-1993,215639,16025,31941,29383,,59556,382554,4826,110194,5010,10875,162387,10337,531285,27418,14540,85936,1767708
Mar-1993,241867,17402,34552,33718,,61876,406496,5124,120573,5517,11718,174972,11214,589124,31267,14678,97361,1943064
Apr-1993,223263,16655,33088,34380,,55016,395723,4790,115915,5467,11238,167804,10773,569381,29882,13676,77740,1842904
May-1993,225685,16899,33431,36385,,56230,411114,4693,121341,5533,11318,169008,10929,579566,27942,13828,79381,1878769
Jun-1993,203582,16225,32111,33931,,53159,394868,4058,115051,5365,10862,162193,10505,558683,28358,13984,71670,1794868
Jul-1993,204453,16661,32692,32995,,53089,412879,3995,116464,5541,11030,164704,10759,576857,27521,13701,83442,1850299
Aug-1993,219932,16699,32747,34802,,51079,420433,3454,121483,5541,11034,164753,10778,572473,25763,14144,85985,1871405
Sep-1993,213811,16417,32302,33910,,47670,417563,4095,117900,5308,10879,162440,10595,555943,24670,14031,84823,1832337
Oct-1993,249679,17570,34947,35488,,54487,440892,5064,122550,5388,11850,176939,11352,574332,27934,14506,87192,1950320
Nov-1993,262373,17644,35074,36448,,60596,458579,4920,123183,5318,11871,177265,11404,551251,27324,13568,86045,1965775
Dec-1993,276888,18474,36704,39870,,67071,482445,5163,127407,5539,12432,185638,11946,571392,29068,15205,88044,2063028
Jan-1994,268574,17082,34930,39207,,70958,441368,4998,130793,5466,11722,171629,10523,577140,28316,16294,91580,2022627
Feb-1994,239920,15309,31184,35941,,61850,402280,4529,121891,5014,10468,153271,9428,526756,28226,15623,81686,1815466
Mar-1994,269535,16624,33733,38103,,64259,436425,4625,133334,5459,11280,165150,10227,593034,30799,15772,89771,2028595
Apr-1994,248381,15911,32303,38734,,57135,423914,4439,128118,5418,10818,158384,9826,573725,29630,14695,92679,1924133
May-1994,250838,16144,32638,41588,,58396,438127,4132,134175,5580,10895,159521,9967,589005,29997,14859,89438,1983962
Jun-1994,225763,15500,31349,36686,,55207,420754,3399,127092,5282,10456,153088,9581,573948,28579,15027,81840,1881268
Jul-1994,226822,15917,31916,38457,,55134,434335,3440,128736,5365,10618,155458,9813,597196,29370,14722,89362,1942942
Aug-1994,243652,15953,31971,39010,,53046,435920,3797,134315,5271,10621,155505,9830,595742,30013,15198,96092,1970795
Sep-1994,237312,15683,31536,39176,,49506,411131,3970,130437,4982,10472,153321,9663,563076,28336,15077,87603,1877710
Oct-1994,277488,16785,34118,40396,,56586,428858,4512,135442,5325,11406,167006,10353,568696,28414,15588,90935,1981888
Nov-1994,290954,16856,34242,39810,,62930,462108,4533,136403,5086,11428,167314,10401,569968,27656,14579,89240,2035684
Dec-1994,306660,17648,35834,39922,,69654,490877,4698,141061,4984,11967,175216,10895,583419,27683,16338,90636,2115634
Jan-1995,293221,17078,33825,49002,,64385,441789,4965,135680,4914,11206,160707,9693,576206,27546,16512,100479,2043131
Feb-1995,262194,15305,30198,43073,,60800,390626,4316,126422,4461,10008,143517,8684,522018,25887,15832,83712,1821998
Mar-1995,295252,16621,32666,47698,,59543,421704,4752,138319,5009,10783,154640,9421,585078,29521,15983,94527,2025808
Apr-1995,271958,15908,31282,46006,,59716,415676,4417,132959,4730,10342,148305,9050,568598,28400,14892,94125,1944500
May-1995,274472,16140,31606,46753,,61806,437500,4186,139198,4857,10416,149369,9181,586032,26636,15058,90777,1996735
Jun-1995,246902,15496,30358,44730,,58845,416802,3459,131949,4770,9996,143346,8825,572868,21539,15228,87016,1910423
Jul-1995,246629,15913,30907,44123,,59992,437583,3537,133592,4333,10151,145565,9039,591609,23180,14919,91052,1960252
Aug-1995,266320,15950,30960,44199,,58610,425397,3619,139356,4854,10154,145609,9054,587481,23550,15401,89264,1964637
Sep-1995,258532,15680,30538,42633,,53901,427136,3777,135269,4711,10011,143565,8901,565874,23892,15278,87351,1914391
Oct-1995,303310,16781,33039,46478,,58902,406366,4395,140567,4828,10905,156378,9537,570649,22666,15796,94532,1988496
Nov-1995,317059,16852,33159,46491,,60856,457137,4610,141362,4579,10925,156667,9580,566785,23901,14774,92177,2045375
Dec-1995,334056,17644,34701,38446,,66034,485064,4731,146204,4628,11441,164066,10035,579458,26516,16557,95100,2127881
Jan-1996,301376,18900,30585,49685,,63226,440515,4542,145243,4748,10578,143693,11975,591346,25848,15059,96026,2049073
Feb-1996,285293,18334,32408,46512,,62932,415699,4310,135363,4307,9447,139115,10694,557318,23523,14439,89928,1937875
Mar-1996,302965,20252,34454,48779,,63277,449686,4483,147918,4643,10179,131701,11523,600145,24135,14577,95032,2051442
Apr-1996,276137,18186,33677,46246,,61100,439158,4144,142006,4541,9762,147949,11051,574777,23060,13581,91283,2000697
May-1996,253591,17518,33599,47900,,62441,454603,4295,148834,4757,9832,149425,11130,603819,23810,13732,89066,2022455
Jun-1996,262958,17606,32733,46151,,56542,438611,3530,141155,4542,9435,143675,10681,578686,22613,13887,80609,1959001
Jul-1996,256519,18100,34174,46549,,57322,453464,3673,134102,4622,9581,146451,10847,602948,22433,13606,92427,2007073
Aug-1996,267370,18430,33866,52240,,55363,458064,4116,136002,4714,9584,148463,10850,598966,23031,14046,92084,2025372
Sep-1996,272968,18695,32879,46296,,55784,443910,4237,130724,4740,9450,143302,10698,576586,22981,13934,87556,1966704
Oct-1996,296292,18930,33999,51394,,57819,439902,4744,132363,4819,10293,150322,11652,594202,23541,14406,91981,2030248
Nov-1996,292599,19895,33437,50936,,58692,448707,4593,133227,4658,10312,146828,11674,572473,23295,13474,90730,2008920
Dec-1996,305514,19600,34199,51328,,61133,469079,5001,137741,4627,10799,143965,12225,576936,22938,15099,93827,2054700
Jan-1997,301992,19915,32765,53471,432713,60361,134821,4727,148541,4297,10311,144608,7096,491269,24341,15274,95958,2080127
Feb-1997,285923,17069,29858,49142,396681,55425,121713,4516,135836,4255,9208,134455,6337,448008,21645,14645,88468,1897202
Mar-1997,303621,18342,33632,54712,438926,60261,134833,4913,151128,4754,9922,147098,6828,500813,23638,14785,98154,2094342
Apr-1997,276753,17416,32520,53181,423131,58515,126882,4722,145694,4650,9516,136246,6549,479991,20569,13775,99348,1984535
May-1997,254173,17196,32924,53216,435592,61828,129539,4632,149841,4847,9584,142336,6596,492955,22604,13929,97753,2032294
Jun-1997,263530,16715,32687,51520,426888,60159,118560,3896,138457,4666,9197,138038,6330,469493,21261,14086,89491,1943561
Jul-1997,257063,16863,34216,53741,434325,58392,122768,4191,145057,4696,9340,144769,6428,485521,23140,13801,97342,2011169
Aug-1997,267980,17155,34101,54767,439712,62081,124649,4310,147409,4810,9343,147528,6430,483226,22268,14247,94033,2013271
Sep-1997,273595,16441,33090,53540,428689,49792,120825,4251,142143,4755,9211,150488,6339,467310,23171,14133,97832,1979180
Oct-1997,296925,17769,34063,55061,440668,53961,135874,3273,147896,4850,10034,145054,6905,479632,24243,14612,99080,2056810
Nov-1997,293241,17253,33792,56446,425849,54299,132006,4897,134022,4765,10052,135537,6918,465642,23938,13666,96290,1999185
Dec-1997,306153,18654,34003,57927,441756,53980,135532,5291,131445,4949,10527,137731,7245,465743,24103,15315,99364,2043797
Jan-1998,301837,17907,34320,58198,443757,53181,135584,5159,142541,4935,10208,158138,11560,493460,22781,15960,100342,2103350
Feb-1998,285739,15344,29705,53709,398519,48832,125182,4823,130346,4344,9116,129803,10323,449886,22494,15303,91826,1890587
Mar-1998,303437,16473,33367,59644,448486,53093,136311,5158,145024,4683,9823,140812,11123,495307,24410,15449,100054,2097816
Apr-1998,276571,15675,31131,58382,438144,51554,134472,4970,139798,4694,9421,138606,10668,481373,24247,14393,95700,2009141
May-1998,253993,15471,33413,58778,457815,54474,137603,5115,143773,4952,9488,147808,10744,494995,26208,14554,91932,2053427
Jun-1998,263368,15033,32046,56504,435237,53003,133592,4549,132833,4768,9106,138309,10311,478404,25169,14718,93484,1988362
Jul-1998,256916,15141,34472,58585,439093,51446,134688,4824,139174,4900,9246,137825,10470,494102,25380,14420,95647,2017746
Aug-1998,267793,15432,34254,59309,443144,54188,133875,4736,141431,4976,9249,140044,10474,498769,26349,14886,97203,2037306
Sep-1998,273401,14803,33305,57691,336241,43550,122499,4891,136380,4750,9119,137263,10327,476492,23834,14767,96535,1883936
Oct-1998,296751,16002,34760,61637,421315,47195,123298,5046,141911,4943,9933,135641,11248,489829,26100,15268,101880,2029621
Nov-1998,293056,15555,33382,60275,414058,47491,128045,5050,128573,4814,9952,136940,11269,473462,25344,14280,99308,1972556
Dec-1998,305985,16873,33415,62098,434518,47212,134286,5187,126140,4855,10422,128176,11801,472814,24949,16003,97535,2024280
Jan-1999,300298,17794,37286,60952,436171,52341,137715,5288,143211,4644,9714,136464,15497,478317,24990,15606,105643,2065702
Feb-1999,284328,14696,32271,62515,395293,43919,127263,4826,129331,4132,8675,122201,13839,433196,22657,14964,94906,1873657
Mar-1999,301925,15655,36281,59758,435012,47418,138223,5296,142476,4478,9347,134867,14912,472583,24914,15107,104105,2064381
Apr-1999,275211,14429,33817,58182,424724,46029,136238,4946,139358,4510,8964,125888,14301,456627,23369,14075,99404,1959557
May-1999,252760,14696,36327,61727,432489,46272,138504,5119,138889,4554,9029,127160,14403,470432,23940,14232,96558,1975317
Jun-1999,262059,13519,34789,58777,414495,46578,134742,4730,139067,4548,8664,127425,13823,455141,23186,14392,95251,1937399
Jul-1999,255626,13607,37500,60440,431981,46379,136010,5182,141716,4816,8799,133654,14037,470415,22676,14101,98348,1982772
Aug-1999,266489,13909,37276,60904,424513,46027,135563,5128,144769,4857,8801,144298,14041,466628,22316,14556,96605,1986161
Sep-1999,272074,14011,36252,58837,408237,44413,124225,5031,138053,4670,8678,131722,13844,456559,21058,14440,98372,1936842
Oct-1999,295266,14487,37828,62162,421312,45465,125085,5310,144770,4845,9452,140024,15079,475101,22897,14930,104438,2017247
Nov-1999,291605,14450,36306,60879,409660,44214,129555,5053,141471,4741,9470,136279,15107,464336,22295,13964,98388,1982844
Dec-1999,304440,15906,36281,64804,419049,45864,135790,5635,130705,4840,9917,134021,15821,475616,22667,15649,108219,2040832
Jan-2000,315154,16208,36084,65691,411264,49722,123121,6047,146926,4815,9325,140183,13306,477074,22937,23420,111947,2055436
Feb-2000,298493,14415,31245,60729,385685,41722,114912,5519,139217,4339,8327,125741,11882,446976,21419,22456,103252,1908564
Mar-2000,316937,15146,35160,64998,418062,45045,125909,6057,148185,4522,8973,140811,12803,483371,22799,22670,109568,2075453
Apr-2000,288934,13532,33006,61643,398966,43726,121745,5659,138538,4520,8605,132697,12279,469231,22606,21121,107014,1957991
May-2000,265398,13468,35119,65743,413434,43957,125549,5857,145021,4805,8667,136652,12367,485579,23625,21357,110159,2001347
Jun-2000,275096,13289,33824,59775,405362,44247,122373,5413,139215,4598,8318,136693,11868,474129,23075,21598,106683,1964009
Jul-2000,268314,13825,36234,63142,422701,44058,124581,5932,143622,4802,8446,138946,12052,487588,23625,21161,110177,2017945
Aug-2000,279806,13899,36037,64940,423114,43724,126663,5870,141800,4652,8449,139930,12055,486617,23742,21844,111084,2038022
Sep-2000,285676,13820,35056,62891,411610,42191,123359,5758,141239,4630,8330,132330,11886,470499,23753,21670,109050,1987026
Oct-2000,309932,14683,36587,64226,428272,43190,129791,6077,145083,4831,9074,145745,12947,485947,24219,22404,116432,2097748
Nov-2000,306123,14359,35219,63620,415005,42001,121829,5784,139528,4497,9090,119411,12971,468245,23613,20955,111997,1999721
Dec-2000,319531,15210,35295,62814,434219,43569,124697,6450,145332,4778,9520,123749,13584,487664,25704,23483,118679,2070613
Jan-2001,306284,15756,35716,69592,434184,45411,127093,7023,145577,4795,8880,133934,11607,485693,25331,17014,135988,2096948
Feb-2001,289865,14015,30911,63167,398663,38104,118448,6411,133469,4267,7930,122434,10366,439867,23275,16313,123469,1910051
Mar-2001,307842,14730,34805,68499,439076,41140,131935,7036,146739,4831,8545,138604,11169,486946,26055,16469,139081,2116381
Apr-2001,280553,13172,32572,64677,435345,39934,127616,6573,142248,4827,8195,136210,10711,471990,25441,15344,133725,2028145
May-2001,257620,13114,34816,66433,441501,40146,132447,6804,145163,5077,8253,145606,10788,489892,25466,15515,133920,2070749
Jun-2001,267186,12936,33417,67164,417857,40411,125951,6288,135907,4626,7921,135712,10353,476276,24687,15690,132069,1993266
Jul-2001,260665,13460,35950,66719,434635,40238,130298,6890,144913,4947,8043,136425,10514,488999,25030,15373,136519,2041970
Aug-2001,271625,13517,35774,70828,419998,39933,130054,6818,147000,5044,8046,138939,10517,489080,25075,15869,137173,2056737
Sep-2001,277306,13462,34800,69324,418958,38533,124175,6689,140386,4759,7933,133915,10369,475459,24361,15742,136979,2009185
Oct-2001,301072,14305,36313,71979,419260,39445,126409,7059,145150,4849,8641,137551,11294,492077,25618,16276,145922,2097034
Nov-2001,297295,13980,34898,71281,396367,38360,124609,6718,141138,4936,8657,121359,11315,470340,25439,15223,140303,2006035
Dec-2001,310466,14788,34867,75715,410171,39791,125638,7492,144701,5029,9065,134696,11850,485829,25642,17060,139839,2074278
Jan-2002,310698,14059,34174,75985,383809,39863,119784,7420,143639,5000,9150,135501,13997,482448,25333,16869,143935,2057728
Feb-2002,294068,12429,29571,70753,345197,35543,110272,6773,130628,4513,8172,118989,12500,435128,23160,16174,133229,1858737
Mar-2002,312299,13614,33286,78835,389496,39574,119986,7434,143178,4937,8805,132421,13469,482526,25369,16328,143972,2061811
Apr-2002,284625,13233,31130,74312,392340,38471,115859,6944,135838,4870,8444,132801,12917,467486,24023,15213,141279,1978245
May-2002,261368,13954,33331,79287,408474,39562,121162,7188,141475,5169,8505,135747,13010,482110,24786,15382,146680,2027979
Jun-2002,271056,13033,31977,75819,398477,38892,119114,6643,132358,4878,8162,126986,12485,467132,23766,15556,141519,1969276
Jul-2002,264432,13697,34422,78466,413392,39135,120274,7279,140005,5040,8288,134161,12679,483971,24136,15241,145857,2036905
Aug-2002,275574,13662,34264,81160,411800,38915,117100,7203,138856,5132,8291,133399,12682,481689,24631,15734,139480,2018574
Sep-2002,281340,13326,33325,79250,339794,36341,108883,7067,135425,5536,8174,136233,12504,463075,23067,15608,142359,1922715
Oct-2002,305426,13747,34775,84897,316395,37194,103964,7458,140978,5097,8904,136571,13620,478697,25136,16137,151129,1976488
Nov-2002,301604,13462,33407,80191,366864,35864,111570,7098,135553,4849,8920,128824,13645,460797,24473,15093,155799,1979436
Dec-2002,314949,13907,33361,86704,381589,36778,114494,7916,137974,4957,9342,129974,14290,475945,25183,16914,162236,2053385
Jan-2003,319684,14417,32680,86914,381172,36708,116475,7550,134375,4821,8305,126173,14177,474682,24589,16645,161160,2056766
Feb-2003,302602,13150,29325,78600,350913,32730,107306,6693,123955,4305,7419,115436,12661,432716,22486,15959,145025,1880691
Mar-2003,321353,13977,32170,86212,398140,36441,121045,7247,141622,4757,7992,135222,13642,490445,24850,16112,159737,2104114
Apr-2003,292889,13808,30642,83280,388074,35426,117071,6965,133135,4502,7666,135370,13083,471950,23698,15011,151054,2007565
May-2003,268967,14455,32509,86321,393109,36430,119967,6938,138228,4688,7720,129062,13177,492743,24123,15178,143494,2016922
Jun-2003,278917,13953,31001,83389,370801,35813,115378,6938,130816,4776,7410,131943,12646,476846,23547,15350,146507,1970130
Jul-2003,272093,14482,31564,85782,363173,36038,117376,7099,137610,4918,7524,129231,12841,496673,23100,15039,149798,1991705
Aug-2003,283583,14489,30235,87498,377014,35835,118298,7202,137408,4927,7526,136173,12845,496449,23666,15525,151081,2033633
Sep-2003,289519,14068,29534,85862,356722,33464,112239,7064,134151,4965,7421,120935,12665,482398,23139,15401,150603,1976511
Oct-2003,314278,14184,29736,89121,365170,34250,116426,7497,138016,5009,8082,134657,13795,496195,23918,15923,159381,2057161
Nov-2003,310354,13850,29256,86075,346264,33025,110067,7351,132111,5044,8097,130438,13821,479265,23150,14893,155165,1977961
Dec-2003,324067,15121,29788,82239,356796,33867,106482,7888,134751,5174,8478,133515,14474,500962,24094,16690,163110,2045819
Jan-2004,325581,15728,30913,94099,359035,34800,111364,7810,138867,5154,8025,139607,17486,482037,23401,17486,160806,2062805
Feb-2004,308161,14962,27735,86243,337697,31028,106101,7370,128049,4688,7168,130851,16766,450702,22660,16766,151438,1920843
Mar-2004,327264,15362,30426,93106,368940,34547,115588,7977,137370,5076,7722,134860,16926,483107,24079,16926,162688,2076537
Apr-2004,298266,14584,28962,89387,355585,33585,113393,7714,133898,4709,7406,137976,15770,470009,23481,15770,157368,1995315
May-2004,273897,15583,30772,92458,360669,34537,117347,8195,136811,4588,7459,135587,15946,485909,24418,15946,162185,2001333
Jun-2004,284045,15270,29353,89521,336707,33952,114024,7960,131917,4427,7159,138480,16126,469302,23853,16126,156687,1965797
Jul-2004,277103,15776,29911,91552,354323,34165,118372,8125,141334,4601,7270,140710,15799,487375,23904,15799,162410,2019157
Aug-2004,288784,15752,28646,90088,347930,33973,119691,8217,141929,4693,7272,136376,16310,485646,23767,16310,164278,2016570
Sep-2004,294827,15194,27976,89762,272780,31725,111228,8077,137936,4787,7170,144521,16180,471271,24230,16180,157001,1909243
Oct-2004,320061,16503,28163,93001,297369,32470,118631,8511,141263,4913,7809,139178,16728,489866,25964,16728,166566,2009174
Nov-2004,316057,16102,27707,90494,306517,31309,116124,8681,136970,4821,7823,140032,15646,473970,24838,15646,161728,1969226
Dec-2004,330038,16494,28263,89912,303133,32107,115431,9201,138395,4876,8192,137593,17534,484725,25990,17534,165884,2023680
Jan-2005,325519,16164,31212,98007,310146,33057,113614,8937,143812,4708,7408,138342,14940,493037,25024,17878,165465,2035036
Feb-2005,308059,14706,28005,88255,287094,29474,104459,8267,128431,4327,6617,127685,14325,452513,23133,16780,151690,1870546
Mar-2005,327167,16332,30746,97165,323892,32817,117362,9030,139153,4928,7129,145351,14462,510064,25873,18192,166470,2080504
Apr-2005,298161,15517,29284,93600,313344,31902,114686,8641,137185,4661,6837,136580,13474,494121,25380,17191,158935,1979474
May-2005,273786,15964,31061,97568,329586,32807,118551,8927,141254,4739,6886,140691,13624,506138,26322,18484,166154,2010625
Jun-2005,283958,15466,29617,94283,310887,32251,114275,8641,134444,4588,6609,135050,13778,490319,25637,18118,161395,1972975
Jul-2005,277031,16072,30164,96496,295265,32453,116505,8968,140540,4619,6711,134156,13499,511900,25853,18424,168517,1984143
Aug-2005,288670,16237,28890,97654,277113,32271,112148,9157,141018,4697,6713,141103,13935,517106,25837,19884,171957,1988105
Sep-2005,294707,15437,28216,95365,139762,30136,87392,9096,136983,4515,6619,130351,13824,480599,26204,18476,167713,1766603
Oct-2005,319974,16574,28417,99023,134985,30843,96089,9606,143240,4771,7209,137950,14292,519193,27767,18918,173643,1871190
Nov-2005,315956,16058,27966,95741,195597,29741,104307,9552,135427,4634,7222,136648,13368,508396,27147,18963,175498,1901758
Dec-2005,329961,16248,28466,90827,233147,30499,110526,9732,135363,4717,7562,135403,14981,523453,27816,19801,176388,1995862
Jan-2006,286557,18600,30952,103662,245725,32513,113127,9830,136587,4909,7655,136766,15601,527796,28479,18236,174333,1975168
Feb-2006,271070,16996,27785,93997,214905,28989,103239,8773,123708,4331,6839,124368,14958,474652,26069,17116,157822,1794241
Mar-2006,287919,19815,30563,103540,240816,32277,117030,9725,138270,4969,7367,138621,15101,531371,29184,18556,175631,1994464
Apr-2006,262346,19623,29017,99408,239564,31378,113145,9220,131803,4946,7066,136890,14070,516597,28351,17535,168403,1908987
May-2006,240858,21106,30644,103078,257004,32267,118471,9555,137327,5178,7117,141567,14226,536217,29536,18853,170336,1956520
Jun-2006,249885,21531,29272,99375,248874,31721,115738,9096,133693,5077,6831,142795,14387,517015,28683,18480,169672,1938796
Jul-2006,243823,22697,29833,102279,257355,31919,117446,9503,138349,5281,6936,145708,14096,535468,29379,18792,180522,1975235
Aug-2006,253961,24011,28649,104063,251758,31740,117321,9579,138431,5393,6938,144574,14551,538636,30589,20282,177627,1989430
Sep-2006,259264,24250,28026,99856,239748,29640,114310,9276,135143,5470,6841,141651,14435,527240,30314,18845,169750,1946109
Oct-2006,281606,26530,28420,104779,243308,30336,117757,9669,138675,5780,7449,147171,14924,544147,31712,19296,187948,2025782
Nov-2006,278030,26979,27800,101083,236828,29251,113584,9603,133419,5561,7463,141960,13959,529244,31386,19342,184910,1974331
Dec-2006,290431,28606,28178,99275,238246,29997,117068,10208,134122,5891,7814,146915,15643,548050,32638,20197,194811,2055955
Jan-2007,310601,18480,30113,104697,236459,32061,115248,10239,130232,5793,7813,143652,16162,544531,30916,19128,192064,2042882
Feb-2007,294268,16898,27029,94018,215086,28586,102823,9202,119013,5272,6980,135801,15496,505229,29404,17223,169132,1878003
Mar-2007,312427,19708,29707,105291,239968,31829,116240,10053,132893,5743,7519,155580,15644,573789,33885,18887,190607,2094555
Apr-2007,284857,19519,28270,104247,233583,30941,113812,9597,128187,5679,7212,143347,14575,556461,32948,18577,182796,1994942
May-2007,261684,21065,29860,107323,243577,31819,119834,10158,134704,5915,7263,154356,14738,582952,34917,19393,187427,2066642
Jun-2007,271187,21501,28500,104550,230158,31280,116256,9900,130244,5813,6971,147494,14904,572406,32497,18926,182543,2019862
Jul-2007,264475,22656,29012,107792,232203,31476,119947,10070,134006,6080,7079,151953,14603,592865,33816,19676,188928,2053286
Aug-2007,275882,23986,27834,105171,229259,31299,116535,10275,130726,6310,7081,152632,15074,602354,34031,19490,191549,2076235
Sep-2007,281678,24311,27208,108523,222287,29228,113524,10043,130876,6062,6982,146768,14954,586933,29516,19858,185282,2040241
Oct-2007,305507,26687,27512,107143,239307,29914,117465,10347,132805,6285,7603,153292,15461,612401,27891,19471,187463,2122193
Nov-2007,301783,26984,26979,106292,233331,28845,113552,10195,127857,6195,7617,147270,14460,602629,31701,20197,195369,2098602
Dec-2007,314942,28621,27366,99483,257979,29581,117592,10496,123906,5650,7976,151537,16205,628308,33839,20359,204723,2176213
Jan-2008,304829,29127,29542,114928,242267,31513,117716,10347,118409,6468,7525,155550,17582,627482,33860,20532,200553,2155041
Feb-2008,288924,29137,26515,105694,229553,29798,109944,9576,114795,6012,6723,149163,16858,597775,32759,19590,186632,2043801
Mar-2008,306717,33029,29147,114051,240471,31987,118418,10290,127968,6659,7242,157287,17019,648430,35603,20545,208374,2204088
Apr-2008,279700,33110,27741,116999,210306,30733,115563,9922,124722,6635,6947,156231,15856,631977,35552,19860,203024,2112605
May-2008,256989,35399,29309,114903,209626,30356,121942,10130,129281,7192,6996,161657,16033,663122,37061,20394,209903,2153316
Jun-2008,266239,35871,27969,107291,220165,30722,119677,9685,119265,7303,6715,157235,16214,643388,35952,20092,205171,2118791
Jul-2008,259613,38935,28475,118841,231494,32049,124245,10058,129551,7529,6819,162948,15886,667954,37209,20886,215127,2205260
Aug-2008,270923,40692,27312,125735,212921,32027,120788,10150,126863,7718,6821,151791,16399,675080,39587,21025,211892,2193566
Sep-2008,276623,39472,26694,121460,62990,30949,88802,9899,122067,7798,6726,156729,16268,613057,38268,19722,193415,1919520
Oct-2008,299905,42630,26983,119659,135398,31805,115261,10215,129203,8276,7323,158912,16819,680384,38465,21450,214192,2153389
Nov-2008,296291,42648,26474,119334,158925,32746,117492,9768,122342,8082,7337,154350,15731,666544,38259,20426,213791,2149851
Dec-2008,309129,47033,26857,123949,175838,30629,117875,9361,122657,7516,7682,164858,17629,685464,39023,20360,226193,2227028
Jan-2009,295518,49758,27163,134235,196895,31267,118703,9424,123015,7481,7876,164993,24283,688552,39458,21061,219076,2251938
Feb-2009,280183,45544,24379,121877,185793,28499,109909,8711,113770,6809,7038,152117,23283,616709,36094,19451,202162,2074167
Mar-2009,297412,52045,26796,133241,208497,30800,122170,9457,124573,7582,7581,163122,23505,682231,40307,22066,221172,2262488
Apr-2009,271249,53214,25488,127142,196512,29522,121029,9046,119366,7512,7272,156212,21899,648991,38348,21730,210834,2147856
May-2009,249253,56291,26953,131557,204774,30807,127683,9199,122767,7662,7324,165061,22143,660419,38887,22662,215655,2190437
Jun-2009,258168,56324,25717,124461,212642,29285,124019,8761,115705,7472,7030,159940,22393,631752,36531,22059,210893,2140519
Jul-2009,251719,57001,26195,128575,225441,29507,130835,8857,119758,7989,7138,164072,21940,643938,37947,22735,199831,2170032
Aug-2009,262761,63456,25123,127229,212595,30547,135833,8723,121749,8144,7140,162459,22649,641865,37879,22959,209135,2192597
Sep-2009,268296,47134,24557,120960,201837,29170,133433,8356,114531,7789,7041,152265,22468,609103,35349,22536,193832,2089220
Oct-2009,290795,62862,24816,123544,208583,29535,143081,8521,121329,7911,7665,156712,23230,619859,37047,23046,217322,2197157
Nov-2009,287319,66510,24356,120737,191303,28530,144016,8054,115961,8016,7679,152003,21727,596585,36077,22253,217666,2144157
Dec-2009,299712,70474,24719,118095,199232,27924,147928,8142,112698,8122,8040,152600,24348,613644,35586,21878,218757,2196325
Jan-2010,291072,70156,28350,131228,203379,28002,152826,8219,112544,7814,6926,152372,22711,624461,35525,21761,219280,2210163
Feb-2010,275764,64254,25444,121796,188967,25838,145398,7382,102194,7615,6191,139331,20513,573500,32728,19902,198572,2047815
Mar-2010,308943,72554,27936,133135,210438,28241,166938,8275,112529,8641,6667,155158,22711,646044,36825,21939,220397,2276546
Apr-2010,273205,73514,26497,126586,195203,27206,167559,7949,110630,8474,6396,151714,38523,616784,36700,21408,212610,2190270
May-2010,248272,76587,28095,133483,193933,25184,177864,8016,114795,9357,6441,156961,39808,647486,38268,22221,215448,2236507
Jun-2010,229973,75514,26837,130122,179643,27060,182004,7740,107060,9163,6184,152018,38523,617943,36489,21823,199289,2138770
Jul-2010,205881,80044,27384,135138,180332,27157,194705,7925,115411,10035,6279,156006,55148,641064,37133,22609,210313,2208753
Aug-2010,204385,82458,26275,140198,191112,28019,198850,7788,115470,10246,6280,154497,55148,644854,37199,22617,214179,2235038
Sep-2010,264277,80571,25699,138014,178304,26713,198646,7530,111410,10290,6193,150106,53369,629495,35997,22145,203575,2238147
Oct-2010,292695,83883,25997,140351,184571,27878,202789,7710,112753,10791,6741,155341,76303,650192,37426,23288,209124,2356947
Nov-2010,286007,81485,25459,124833,171709,26836,206009,7424,110813,10798,6754,148782,73842,639682,35367,22618,204627,2276710
Dec-2010,316628,86459,25920,134782,181553,27456,224695,7307,115865,10643,7070,155041,76303,662192,37228,22843,207243,2400418
Jan-2011,237565,81447,24738,134247,180251,27048,225461,7089,104641,10533,6993,154940,84273,654508,36033,27393,202755,2299298
Feb-2011,273308,74595,22850,124399,153482,23454,209428,6255,91915,9580,6248,134729,76117,566060,33745,26177,180179,2104330
Mar-2011,303814,84231,24492,133924,169831,26834,247332,6855,112997,11152,6730,156113,84273,671291,38358,30256,201634,2410884
Apr-2011,285567,85346,23872,130340,162198,26185,243437,6631,107374,10775,6456,153290,95355,649803,38076,30468,196715,2349720
May-2011,269313,88913,24056,140289,164039,26731,256630,6804,111358,11298,6502,157702,98533,681055,39978,31924,199135,2410866
Jun-2011,248460,92641,23282,132825,150882,25764,244891,6503,106751,11912,6240,155906,95355,650315,38606,32349,195465,2312943
Jul-2011,187004,87954,23462,139119,148861,26192,258677,6747,111354,13454,6337,160759,114248,674134,40104,35183,204154,2340293
Aug-2011,210589,95730,23174,144717,151602,26350,267757,6722,111549,14457,6339,162650,114248,675452,40239,34666,186588,2370440
Sep-2011,261782,93540,22032,137326,124788,25506,263916,6741,107705,14745,6250,160192,110562,662813,38589,36341,193202,2358169
Oct-2011,273553,97384,22144,146801,143082,25981,275177,6543,109980,15973,6806,165386,147462,688418,39893,36585,206903,2502387
Nov-2011,302617,94600,22327,140137,138426,24980,271659,6231,105181,16030,6818,160659,142705,671278,38777,35143,204650,2475947
Dec-2011,309351,100375,22703,145182,143471,24927,276158,6385,106877,17115,7139,166546,147462,689562,39108,37641,203921,2543747
Jan-2012,318136,95833,21234,157369,141312,25015,266018,6258,110077,17725,7156,166091,170613,681421,39935,41446,204812,2571350
Feb-2012,289432,85648,20222,134322,130558,23351,236070,5872,103046,17013,6694,154129,159605,634810,38809,39295,185900,2360061
Mar-2012,308116,95824,19306,146938,142800,25146,251175,6129,108910,19214,7156,164445,170613,678951,41576,40921,199131,2524260
Apr-2012,273796,93751,19900,140560,133745,24273,239808,5838,104389,19226,6925,162917,165109,664799,40163,40445,188455,2417498
May-2012,281220,95914,21417,146598,130695,25236,250093,5706,107907,21030,7156,171409,170613,686978,41799,44374,191890,2490707
Jun-2012,251530,92918,20141,137870,118012,24570,249264,4996,102219,21016,6925,164217,165109,663706,40899,42914,184069,2376776
Jul-2012,205735,95758,20776,143115,128147,25172,259293,5336,108560,22304,7156,171740,211446,693764,42466,43972,186352,2465064
Aug-2012,124711,98362,21307,141487,110373,25046,254498,5451,108130,23614,7156,174192,211446,700065,41947,47203,184769,2373954
Sep-2012,229966,96053,19982,138354,111143,24212,242246,5364,103783,23913,6925,169110,204625,677522,41247,46122,177719,2410375
Oct-2012,289581,99575,21852,144601,127214,25160,246800,5387,110757,24752,7156,175885,211446,698080,42618,51276,178047,2557140
Nov-2012,288120,97043,19642,137882,125639,24366,229323,5271,104643,23445,6925,173271,204625,673854,39526,50463,174828,2471365
Dec-2012,304448,99491,21044,140280,128238,24753,230850,5346,103875,25315,7156,176055,211446,689560,39408,51430,169651,2523763
Jan-2013,305219,97739,20941,139303,124362,24485,229619,5276,97173,24554,8455,168513,254726,685282,38074,50931,177152,2512031
Feb-2013,269062,86529,19402,126395,109780,21961,205065,4770,94179,23370,7636,145408,230075,627497,36251,45953,162432,2269907
Mar-2013,293657,95219,21566,138727,118101,24403,219495,5316,105766,26236,8455,161589,254726,699110,40214,53069,180308,2504000
Apr-2013,282015,92948,21079,134949,115853,23855,206884,5168,105367,25836,10383,168221,246509,681475,39590,53998,175392,2446307
May-2013,261025,96878,21451,137568,114477,24750,211107,5384,106957,27899,10729,171323,254726,710595,40346,61005,173487,2488677
Jun-2013,234298,93664,20914,129725,104271,23854,199884,5465,104508,28004,10383,162331,246509,690189,38847,63756,172383,2385386
Jul-2013,241910,96471,21727,136315,110013,24912,201351,5536,108535,30134,16929,169096,298505,713513,40281,66696,172513,2512441
Aug-2013,231276,97267,21793,136172,104060,26791,192448,5446,109350,31247,16929,169475,298505,714752,40917,69028,171412,2495089
Sep-2013,247528,93665,21009,124027,108728,24429,177087,5228,103623,31972,16383,164524,288876,690301,39732,66489,155031,2414405
Oct-2013,261350,98343,21095,138280,102124,25298,175836,5527,109097,33242,20128,170165,298505,713550,40521,67929,174006,2513172
Nov-2013,280048,95147,20459,134090,108102,23842,170909,5159,101117,32558,19479,161583,288876,680447,38561,70659,168000,2455169
Dec-2013,307970,95784,20874,129308,106827,23888,177258,4969,101722,30737,20128,181525,298505,692762,37531,72342,165639,2525967
Jan-2014,306344,94869,21579,135607,102309,23815,174225,5075,104379,31460,28245,169541,348235,696202,38856,73914,171228,2580019
Feb-2014,270272,86784,19426,122421,95596,20985,157443,4542,95316,29785,25512,172102,314535,630948,35555,71648,154960,2356978
Mar-2014,298987,96520,20663,138073,105440,23774,173509,5045,107588,33785,28245,181183,348235,714833,39594,82080,172228,2623914
Apr-2014,277210,93375,20004,135652,106362,23366,165060,4922,104517,34177,34153,210833,337002,706789,38591,79244,162724,2583873
May-2014,262449,96739,20559,140897,111475,24361,172182,5100,105505,37055,35291,189050,348235,737479,39495,84312,168442,2633253
Jun-2014,252462,92022,19139,134887,107406,23521,166782,4972,104200,37621,34153,189852,337002,718128,38276,83597,164161,2560033
Jul-2014,195169,95474,19704,137404,109951,24540,165132,5051,108509,40126,49449,205705,374771,744321,39069,92609,168593,2629156
Aug-2014,190335,94382,19778,142911,110811,24747,161519,5010,109888,41826,49449,216406,374771,750316,38583,95588,164792,2644937
Sep-2014,259855,92090,18945,135489,106522,24182,160478,4772,104213,42687,47854,195150,362682,719501,36758,96856,165309,2625503
Oct-2014,271472,94412,19834,142845,110725,25030,162334,4917,107653,44551,60659,202957,374771,749286,37217,101552,171773,2735719
Nov-2014,282350,92488,19365,136375,101778,23923,158040,4641,105856,43146,58702,196620,362682,726287,35868,98013,164726,2661917
Dec-2014,301640,93578,19993,140925,107362,24236,151915,5112,108754,46996,60659,201686,374771,765097,36681,107701,169569,2770080
Jan-2015,291928,90125,21912,140869,107681,27172,153547,5016,103336,45741,67682,206817,408019,741599,37062,110271,178061,2790052
Feb-2015,254488,78244,20022,129576,95373,24407,141691,4577,97979,41448,61132,186741,370836,681889,33962,99105,151128,2520509
Mar-2015,299987,88895,21299,143078,96915,26629,157397,5016,110018,47329,67682,216067,413155,758560,39205,113858,170497,2827524
Apr-2015,284701,87268,20597,138665,108387,23219,153429,4865,107823,46025,77407,209983,392752,737351,37609,111323,167277,2758730
May-2015,261374,89391,21197,141803,112773,23808,157008,5022,112030,50375,79988,214639,391332,754727,38022,118474,167304,2790849
Jun-2015,223007,84124,19568,138658,106744,22962,145892,4819,107761,49649,77407,211079,376856,728514,36200,111890,164163,2660158
Jul-2015,221334,85281,19225,141637,118085,23434,152212,5037,109801,51399,87799,217883,401777,754259,36152,111602,167442,2756222
Aug-2015,204070,83696,19466,145033,120511,23490,151668,4883,113047,50978,87799,213529,409771,749458,32688,114734,168011,2744748
Sep-2015,261160,81253,18394,138475,117390,22510,150117,4711,110716,48122,84966,204298,398110,725565,30658,111675,163194,2721449
Oct-2015,279437,82974,18535,146290,112082,23066,151997,4914,113223,51373,106279,209342,407234,739568,31148,108349,168674,2806078
Nov-2015,289760,78977,18003,141028,102391,21731,146069,4677,108782,50340,102851,201517,409344,709572,30470,97462,163878,2726220
Dec-2015,304055,80153,18431,143621,109310,21757,152205,4703,102277,51854,106279,207703,433795,718403,33843,106504,166291,2812110
Jan-2016,298815,77592,18222,144485,106127,21498,154113,4611,99998,50905,116293,214000,442434,709938,33692,116943,163388,2823104
Feb-2016,273298,71658,16831,133847,98287,20005,146013,4307,98407,49040,108791,201258,426244,666642,30756,109571,151068,2653842
Mar-2016,295235,74247,17699,142980,108380,21399,153587,4587,109588,53093,116293,214561,444309,708832,32961,113695,164016,2824983
Apr-2016,246130,70504,16358,139228,98939,20338,154360,4416,106101,48915,114315,203524,426424,681793,31448,112470,155715,2678610
May-2016,269206,71555,18102,143542,107850,20897,151643,4508,108921,51010,118125,211836,439310,701679,31673,116018,153550,2767844
Jun-2016,233815,67073,16791,135945,95158,20067,140782,4268,105475,49945,114315,202081,431137,678190,29730,104660,152538,2628164
Jul-2016,239442,68009,17456,139649,101199,20594,157148,4375,109500,52657,125833,210617,440575,693378,30376,119034,143881,2721210
Aug-2016,250381,66959,17328,142233,103424,20344,145060,4129,111476,50847,125833,211218,439910,688855,30330,121035,145537,2722631
Sep-2016,249275,63989,16728,136568,95284,20854,145726,4166,108062,48416,121774,202202,414330,656230,28875,115466,151851,2626213
Oct-2016,271920,65709,16891,145443,102131,19989,151308,4341,110173,53354,126599,206225,417455,675365,29216,117061,160094,2720187
Nov-2016,294151,62826,16194,140988,99339,18898,143001,4264,107020,52901,122515,195366,431708,645281,27880,116843,152711,2678247
Dec-2016,308524,63075,16424,143468,104539,19911,150664,4175,107945,47767,126599,195424,456371,650116,28332,121664,154274,2746543
Jan-2017,301493,61589,16691,143061,102820,19042,160387,4145,105545,48478,131843,193927,460047,651172,27704,107493,141236,2723628
Feb-2017,275044,55892,18768,129476,90122,17303,144038,3788,97525,48103,119084,179163,414569,603066,25048,100013,130019,2493267
Mar-2017,308111,61289,17688,142472,103082,19101,179247,4186,110403,53894,131843,207995,459451,664360,27543,115090,144709,2797117
Apr-2017,286963,59338,17278,136674,92264,18079,154614,4080,107227,55192,132090,203362,446734,650271,26630,113282,141143,2689967
May-2017,286678,60578,17796,139554,96552,18493,162393,4279,113966,57609,136493,207889,457522,680017,27552,124025,141295,2778965
Jun-2017,248829,57974,17229,136867,88369,18318,167062,4137,108031,55675,139251,203690,442640,664291,26319,124711,141289,2688422
Jul-2017,205707,58436,19987,142713,95249,18892,166761,4263,112676,58918,159030,213003,456133,695440,26482,132398,144476,2753997
Aug-2017,221579,58001,17558,146171,90215,18630,183437,4288,111221,60597,159030,218247,449310,678062,26413,137060,145435,2769670
Sep-2017,255362,55441,17145,143333,85937,18000,186837,4060,111273,58407,160759,211644,442607,668604,25405,133066,142018,2763285
Oct-2017,283192,56821,18316,150395,78298,18376,207515,4158,117303,64060,173259,226421,446747,710628,25949,139034,146958,2911373
Nov-2017,282589,54320,16767,145706,79292,17669,209564,3983,111243,62978,167670,220016,472918,698278,24923,141574,145044,2897003
Dec-2017,295221,54996,17235,154220,76016,17736,226850,4070,116607,64688,181007,228540,504961,715786,25243,146533,152111,3025419
Jan-2018,296757,51300,17104,152669,76246,17473,211528,3993,117064,64383,186558,232715,506627,700310,25551,139078,150657,2993178
Feb-2018,268600,46194,15646,136832,72839,15950,200391,3544,109041,59004,168504,212572,464245,652370,23229,128051,134640,2751215
Mar-2018,295800,50569,17207,152030,81870,17588,230399,3895,121551,65768,186558,232965,512261,737554,26172,142753,150489,3069284
Apr-2018,282714,50857,16605,149055,73817,17101,222905,3857,123352,67296,186180,231626,479217,721088,25026,138895,145180,2976108
May-2018,282740,51030,17238,155675,76450,17541,239409,3942,126964,71777,192386,237362,504572,760534,25404,145816,147038,3098558
Jun-2018,229033,48815,16709,145783,77240,16097,237437,3792,126445,69003,186180,232429,496644,744832,24610,138591,137975,2972738
Jul-2018,234036,49419,17230,152682,89808,17258,246166,4019,133189,74479,209901,243201,531811,778000,25149,147210,142181,3138242
Aug-2018,242875,49558,17178,158237,95580,16937,249177,4093,135785,75712,209901,247283,541144,801162,25045,151702,142891,3206177
Sep-2018,255611,47639,16697,156291,86441,16527,241210,3951,131824,75796,203130,242771,537370,780673,24219,151037,142420,3153978
Oct-2018,271051,49135,17181,164013,84347,16870,259915,3978,138322,79628,227137,256925,562502,809439,24375,162154,145903,3314676
Nov-2018,290815,47258,16696,161357,88120,16068,248007,3964,134338,75723,219810,248111,554480,791390,23416,160248,139623,3259912
Dec-2018,304681,48212,17125,168798,89946,15981,253375,4045,143110,82248,227137,257826,573960,831822,23631,166164,141900,3391473
Jan-2019,310266,47443,16800,165971,91606,16055,259898,4160,142745,83691,213280,255006,576440,830422,23200,169050,130338,3376735
Feb-2019,267519,42219,15513,148931,78046,14237,242578,3420,132044,73128,192640,229666,519802,762803,21043,154910,122593,3056916
Mar-2019,285430,46211,16922,164298,93532,15820,267251,3895,149301,86896,213280,250919,578820,845431,23388,171516,130346,3383042
Apr-2019,289532,44455,16548,161299,88575,15613,260316,4100,145991,84797,207990,250314,560062,827650,22794,167816,128707,3315270
May-2019,285820,44906,16754,166492,89453,14898,270646,4299,151335,87299,214923,266014,571803,871419,23634,171305,133657,3424018
Jun-2019,253806,42702,16254,162486,83554,15559,265862,4144,146603,86615,207990,243339,556708,848437,22912,174784,129676,3299794
Jul-2019,234661,43852,16890,166223,68554,15695,278004,4154,152945,91369,235476,254709,583186,889103,23093,180524,118762,3395984
Aug-2019,224286,43505,16969,166956,92674,15637,276932,4113,158116,93505,235476,257498,585405,908018,23374,181927,124777,3448106
Sep-2019,242655,41798,16262,162297,85622,15039,267171,4065,156025,88519,227880,256073,568646,890996,22153,181334,132353,3396571
Oct-2019,269362,43093,16228,174595,88263,15151,276059,4093,161587,95528,236778,261454,589800,921751,22606,201814,135881,3551970
Nov-2019,287298,41738,15659,172544,85170,14439,271185,4040,158036,94336,229140,251153,597779,902758,21942,196055,128747,3509293
Dec-2019,299717,42834,16024,179104,88988,14945,283047,4134,163499,95408,236778,259905,608342,933717,22614,204178,131667,3622512
Jan-2020,309661,42203,13108,178395,87776,14616,274306,4001,168715,93676,203498,255432,607508,942331,21974,208588,135773,3598402
Feb-2020,291488,39110,13427,166857,82510,13635,256681,3720,160989,90295,190369,233628,573083,873231,20428,196895,121723,3366311
Mar-2020,294650,43673,12954,175524,89255,14484,276656,4000,175219,97365,203498,242901,608611,940613,21813,209172,131800,3579884
Apr-2020,278399,39766,13291,168622,81544,13593,265017,3519,160274,81901,192877,223015,587519,880792,20405,202679,125734,3375996
May-2020,281824,40490,12574,164043,65458,14007,281087,3034,150309,60074,199306,208070,592791,826457,20362,210899,121565,3290613
Jun-2020,264914,38760,12850,159945,63441,13320,264530,3025,156554,59514,192877,214630,561050,832707,19288,211505,117564,3220917
Jul-2020,270202,39876,13493,167379,69829,13674,266887,3582,169409,71716,203695,222357,605095,870505,20373,218262,123317,3386520
Aug-2020,257354,40320,12948,168659,45498,13503,260636,3508,171939,82017,203695,216744,615949,878943,19896,220852,121413,3368303
Sep-2020,269913,38758,13233,162966,50353,13035,256067,3344,169428,84433,197125,212537,567259,848516,19351,216528,118159,3274179
Oct-2020,294054,40196,12965,165223,40228,13466,263205,3493,176947,89644,203080,211922,596140,870566,20070,223615,118293,3381515
Nov-2020,292452,38584,13269,160039,61826,12925,268028,3399,172625,86724,196529,214706,605718,850513,19230,220490,117976,3371220
Dec-2020,325410,39470,13421,162133,68618,13104,278391,3441,173110,89619,203080,217265,648178,874554,19371,228506,119555,3516066
Jan-2021,317252,39288,11584,160989,72898,12900,277799,3597,176588,88401,193017,216559,652283,878244,19422,226357,121045,3504128
Feb-2021,279742,30185,10484,143362,65242,10142,223578,3098,147908,75815,174338,162358,585293,668065,18158,198404,110517,2938642
Mar-2021,311788,42468,11574,157468,75181,13251,283346,3571,184389,88928,193017,217547,649393,885954,20441,217550,118562,3509749
Apr-2021,292311,37756,11264,156207,70698,12830,274007,3449,181995,88586,185344,211950,620194,897093,19823,215237,114596,3428387
May-2021,295402,38563,12445,163855,73022,13073,284004,3570,191121,92738,191522,218136,635492,911212,20359,226230,117568,3524820
Jun-2021,271760,36921,11350,155201,68393,12711,276560,3311,187450,89863,185344,209019,616203,886039,19569,220743,109746,3389749
Jul-2021,249998,38047,12260,161372,72847,13227,300372,3551,199108,89324,189619,219906,638130,931637,20655,221714,115779,3508680
Aug-2021,269461,37755,11610,159612,62280,13227,293201,3628,202829,91906,189619,218176,646670,932114,20387,234964,113676,3534922
Sep-2021,278352,36527,11323,154798,35341,12770,290971,3538,197339,90662,183502,216136,627305,913303,19965,224034,113306,3440723
Oct-2021,287828,37648,11422,162866,60776,13227,308174,3670,204511,92958,199954,222128,651674,950255,20508,231720,114997,3612938
Nov-2021,305759,36102,11033,156778,66508,12711,310862,3490,199016,92409,193503,220076,646383,923521,20051,221495,111818,3564460
Dec-2021,326402,37023,11190,159404,68916,12918,325669,3376,204781,93963,199954,223437,678051,965671,20613,236698,113845,3719546
Jan-2022,323315,36087,11467,155910,65420,12478,319232,3361,202104,88081,190930,216347,657613,947251,20848,234795,111691,3628346
Feb-2022,295371,32336,9933,141670,57832,11122,290440,3136,186871,80501,172453,196621,577251,850501,18658,209707,99976,3266220
Mar-2022,317649,36319,11745,159228,65440,12465,319999,3564,220106,93353,190930,225203,634328,966474,21563,239344,110151,3662848
Apr-2022,299777,35043,11499,153938,66292,12347,324948,3417,218172,73606,181993,226464,614569,950317,21311,235580,106959,3568334
May-2022,299293,35781,11710,154436,62991,12826,348748,3451,225245,86452,188060,235497,638527,982040,22380,247179,107992,3695408
Jun-2022,269010,34299,11422,149200,65130,12302,336631,3564,216799,91783,181993,231202,616619,945643,21862,240568,104837,3564801
Jul-2022,283777,35096,11870,153978,67456,12659,348783,3627,229575,96204,193328,239209,644039,993914,22705,251625,112528,3735794
Aug-2022,273965,35394,12298,155264,69090,12814,352223,3792,231176,95609,193328,238619,635404,1000545,23639,255603,107569,3730403
Sep-2022,282388,34211,11408,151635,66095,11854,349257,3693,232952,95299,187092,238112,618364,979541,21903,245734,106511,3669326
Oct-2022,297901,35112,11673,157117,67409,13008,366190,3731,252211,97788,190335,245755,637050,1017003,22214,251647,113719,3813798
Nov-2022,312304,33568,11213,151425,65505,12206,357468,3527,241451,91122,184195,234562,613000,981071,21374,255298,109370,3712188
Dec-2022,332133,32951,11518,150678,65907,11764,356167,2834,253767,81908,190335,236429,624415,988224,22739,253533,106194,3754805
Jan-2023,326517,34788,11182,151970,68910,11783,364337,3811,257105,88687,198189,241437,646645,1002863,22396,256931,99938,3819633
Feb-2023,295708,31085,10157,135346,60583,10528,352923,3482,235426,85903,174917,217813,572742,903156,19043,231585,87317,3455613
Mar-2023,316126,34429,11025,150257,66064,11441,370640,3840,270908,94380,199571,240498,642354,1029880,22840,266638,98660,3858010
Apr-2023,302177,32911,10774,146973,59529,11228,364011,3744,261755,93667,187566,232276,619656,999326,22680,256029,94374,3729365
May-2023,298735,33689,11372,152812,57325,11555,380043,3854,265901,98198,191104,237558,648124,1052613,24124,268279,102882,3869465
Jun-2023,274102,32280,10919,149257,58126,10817,346197,3737,254831,97989,179766,233220,627912,1017301,24432,266083,100991,3719787
Jul-2023,260962,33094,11345,155708,64202,10985,364056,3825,267196,103070,189040,238429,643265,1055615,24258,279996,88979,3827200
Aug-2023,239768,32973,11345,158090,61088,11293,365822,3936,273271,103865,195216,236507,648577,1067621,25251,282678,99441,3849638
Sep-2023,263282,31874,10951,152299,63956,10902,352178,3808,267345,104500,188594,234235,616784,1035879,24682,268946,98982,3761177
Oct-2023,298628,32602,11033,157541,62841,11305,361148,3855,273826,106583,186975,239892,640992,1071450,25842,284310,106963,3908666
Nov-2023,299779,31377,10390,154367,58087,10869,344274,3637,273324,104577,185717,229910,643405,1044489,25682,282583,106588,3840525
Dec-2023,328293,32093,10741,161062,60188,10952,345966,3900,290835,110066,186819,235522,669263,1084629,26519,295117,109868,3993824
Jan-2024,324104,29234,10577,155574,59788,10083,340076,3747,278038,95375,179681,225757,666020,1041541,26411,287332,106796,3871729
Feb-2024,306576,29775,9838,149959,54993,10092,329900,3632,275405,100191,179998,219966,617929,1009732,24190,269068,102160,3723104
Mar-2024,320866,31746,10561,161225,55493,10747,332748,3928,297907,105075,184582,232361,601193,1082833,25825,284527,107412,3880213
Apr-2024,293233,30219,10143,152885,58326,10076,301412,3848,285795,104422,180272,228427,583413,1040348,25002,276228,100388,3716254
May-2024,298199,31054,10516,156211,53747,10604,294644,3948,297788,108797,190090,239125,602978,1093986,25855,280999,103085,3834338
Jun-2024,270590,29676,10257,148915,55913,10190,283356,3861,292554,104583,177260,230102,611021,1067303,24977,277988,101278,3731414
Jul-2024,275385,30531,10546,154689,58919,10521,307675,3982,308576,106943,179158,235450,649870,1104900,25852,293427,103797,3892232
Aug-2024,262261,30438,10387,155184,59382,10464,301207,4070,314996,109338,178414,231222,621077,1118164,25330,289951,101874,3855874