Table 1. State energy related carbon dioxide emissions by year (1970-2022),,,,,,,,,,,,,,,,,,,,,,,,,,,,,,,,,,,,,,,,,,,,,,,,,,,,,,,,,
million metric tons of carbon dioxide,,,,,,,,,,,,,,,,,,,,,,,,,,,,,,,,,,,,,,,,,,,,,,,,,,,,,,,,,
,,,,,,,,,,,,,,,,,,,,,,,,,,,,,,,,,,,,,,,,,,,,,,,,,,,,,,Change,,Change,
,,,,,,,,,,,,,,,,,,,,,,,,,,,,,,,,,,,,,,,,,,,,,,,,,,,,,,(1970-2022),,(2021-2022),
State,1970,1971,1972,1973,1974,1975,1976,1977,1978,1979,1980,1981,1982,1983,1984,1985,1986,1987,1988,1989,1990,1991,1992,1993,1994,1995,1996,1997,1998,1999,2000,2001,2002,2003,2004,2005,2006,2007,2008,2009,2010,2011,2012,2013,2014,2015,2016,2017,2018,2019,2020,2021,2022,Percent,Absolute,Percent,Absolute
Alabama,102.7,98.5,105.0,109.6,108.8,107.8,108.1,111.7,106.7,111.6,107.2,103.8,91.0,90.0,95.4,101.8,101.9,104.0,105.2,110.0,109.8,114.1,121.0,125.3,123.2,131.0,137.2,134.1,133.5,135.8,142.3,133.3,138.3,139.8,142.0,143.5,145.8,147.3,139.4,119.7,132.4,129.4,122.4,120.1,122.3,118.8,113.4,108.1,111.9,105.8,98.0,108.3,109.3,6.4%,6.6,0.9%,1.0
Alaska,11.4,12.6,13.4,12.5,12.8,14.5,16.0,18.0,19.5,17.5,17.4,17.1,24.0,26.0,28.7,29.0,31.4,29.8,30.3,33.3,34.0,34.5,35.9,35.7,35.5,40.0,41.1,41.2,42.2,42.8,43.6,42.5,42.7,42.9,46.2,47.5,45.4,43.7,39.1,37.2,37.1,37.0,36.1,34.0,33.8,34.9,33.3,33.6,34.4,34.2,35.9,39.7,41.3,263.6%,29.9,4.0%,1.6
Arizona,24.9,27.0,30.3,34.5,36.8,38.2,43.8,50.5,49.3,56.2,52.9,59.9,58.5,54.2,58.5,61.1,56.3,56.4,59.6,65.5,63.1,64.0,66.8,69.1,71.8,66.7,68.6,71.7,76.7,80.6,86.6,88.9,88.3,90.5,97.3,97.3,100.5,102.3,102.6,93.7,99.4,97.5,95.3,99.0,97.0,94.6,90.4,90.0,93.6,92.1,79.7,82.6,81.4,226.5%,56.5,-1.5%,-1.2
Arkansas,36.2,35.1,37.2,40.9,39.2,36.4,38.9,41.7,42.5,40.3,37.5,43.0,42.8,47.1,45.0,49.2,50.0,47.1,51.0,51.3,50.8,49.8,51.4,50.4,54.3,57.7,60.2,59.1,60.5,62.7,63.3,62.5,61.2,62.2,62.5,60.2,62.1,63.4,64.2,61.4,66.0,67.3,66.1,68.2,68.7,58.8,61.8,63.8,70.5,64.8,54.4,61.7,63.2,74.4%,26.9,2.4%,1.5
California,294.7,306.1,313.0,329.5,304.7,311.7,327.1,354.7,345.4,362.1,344.4,334.5,299.1,293.8,315.8,320.7,306.7,335.9,344.8,359.5,360.3,349.0,352.8,342.1,359.0,348.5,349.5,352.3,362.2,365.6,382.0,385.3,383.7,374.0,392.0,388.8,397.5,402.3,383.8,369.8,356.1,341.8,347.9,348.3,344.0,349.7,351.2,354.5,356.7,356.5,302.0,324.1,326.2,10.7%,31.5,0.7%,2.1
Colorado,43.1,43.6,47.5,51.1,50.5,51.8,55.2,58.3,58.5,58.9,58.4,57.4,58.6,56.8,60.5,61.2,60.4,61.0,63.3,64.5,65.8,67.5,68.5,72.0,72.6,72.7,75.6,75.8,78.1,80.2,85.3,93.0,91.3,90.7,93.2,95.4,96.3,98.9,97.0,92.8,95.5,92.1,90.8,91.7,92.3,90.8,87.9,88.2,89.4,91.1,79.3,84.7,88.7,106.0%,45.6,4.8%,4.0
Connecticut,47.8,45.9,47.2,48.6,45.4,41.7,43.4,43.1,44.0,42.0,40.1,35.4,35.4,34.8,38.0,37.9,39.5,39.7,42.2,43.7,40.4,39.6,40.1,38.1,37.4,36.7,39.4,42.3,39.9,41.2,42.7,41.6,40.0,43.0,44.7,43.9,40.9,40.1,37.6,35.9,36.4,35.0,34.2,34.5,34.9,36.2,33.9,33.7,37.2,36.5,33.7,36.3,37.0,-22.6%,-10.8,2.0%,0.7
Delaware,16.1,15.9,16.0,17.2,16.6,15.5,16.1,16.1,16.2,17.1,17.5,16.3,14.7,17.7,18.4,17.4,17.1,17.9,18.5,17.8,17.8,17.6,17.5,18.9,18.3,17.5,18.1,16.8,16.1,16.3,16.6,16.0,15.8,16.5,16.6,17.3,16.2,17.1,16.2,11.9,13.1,13.8,14.6,14.0,13.7,13.9,14.4,13.7,13.9,13.5,12.2,12.7,12.7,-21.1%,-3.4,0.0%,0.0
District of Columbia,13.6,11.9,11.3,11.9,9.8,7.9,7.7,7.9,7.5,6.0,5.2,4.7,5.2,5.0,5.2,4.7,5.2,5.0,4.9,5.0,4.4,4.4,4.4,4.5,4.5,4.4,4.4,4.3,4.1,4.1,4.3,4.1,4.2,4.0,4.0,3.9,3.2,3.4,3.1,3.2,3.2,3.1,2.6,2.8,3.0,2.9,2.7,2.6,2.9,2.8,2.4,2.6,2.6,-80.6%,-11.0,2.5%,0.1
Florida,104.4,111.6,121.7,132.3,124.3,126.0,134.6,138.2,146.2,153.5,155.8,156.2,140.1,146.4,144.0,152.7,163.6,174.1,184.0,188.3,187.6,188.6,191.0,193.7,201.2,206.8,212.5,217.8,230.3,229.8,239.1,237.4,241.2,246.5,257.1,260.0,259.1,256.7,238.5,224.4,245.3,232.1,226.6,226.3,232.4,236.5,237.6,237.4,240.9,232.6,206.7,225.4,231.0,121.3%,126.6,2.5%,5.6
Georgia,73.6,79.6,86.8,93.2,91.8,91.5,96.3,104.8,106.6,111.5,113.1,113.6,110.2,117.3,130.1,136.7,131.4,136.9,139.2,134.2,139.1,131.1,130.8,140.2,143.1,151.5,156.1,157.1,158.3,160.9,169.6,161.6,166.5,170.4,175.3,185.5,182.9,185.6,172.6,162.8,175.0,159.7,141.3,142.3,147.6,145.0,143.8,141.0,141.3,135.9,115.9,123.6,124.8,69.5%,51.2,0.9%,1.1
Hawaii,13.9,15.1,15.5,15.9,15.1,15.2,15.6,16.7,17.0,18.4,17.9,16.1,14.8,14.8,15.7,16.9,16.5,16.6,19.5,20.3,21.2,19.3,20.3,18.6,19.8,19.8,19.0,18.5,18.6,18.3,18.6,19.0,20.3,21.3,22.3,22.9,23.1,23.8,19.1,18.7,20.3,20.5,20.1,20.0,19.4,19.6,19.6,20.2,20.1,20.3,14.8,17.2,18.1,29.9%,4.2,5.4%,0.9
Idaho,10.3,11.1,11.7,12.0,12.1,13.2,12.9,12.9,13.3,13.3,11.2,10.2,9.8,9.6,9.8,9.9,9.8,10.1,10.6,11.2,11.4,12.0,11.3,12.4,12.5,13.3,13.8,13.8,14.0,14.9,15.7,15.6,15.0,14.5,15.7,15.8,15.8,16.3,15.5,15.1,16.2,15.9,15.7,17.1,16.7,17.9,18.1,18.5,18.8,19.9,19.2,20.3,20.7,101.8%,10.5,2.0%,0.4
Illinois,247.3,243.9,253.4,257.1,252.1,245.5,254.3,256.4,258.9,248.7,230.4,212.8,203.0,209.6,206.1,198.0,195.8,192.4,197.4,193.8,193.1,192.9,189.4,203.7,203.3,207.4,221.9,225.3,216.8,226.0,234.1,224.4,226.6,230.5,237.0,243.6,235.7,243.3,241.6,226.3,232.5,231.1,218.0,232.4,235.5,217.7,205.8,204.3,211.5,202.1,168.5,183.4,183.7,-25.7%,-63.6,0.2%,0.3
Indiana,172.0,169.1,184.1,188.5,181.6,179.0,181.4,186.3,185.6,192.9,184.0,179.2,162.1,168.5,185.4,183.1,178.6,184.8,195.3,199.7,206.3,202.7,200.1,204.1,203.8,209.2,213.9,217.7,219.4,225.8,239.2,229.8,232.7,239.1,239.4,238.0,236.3,235.6,231.4,208.6,218.0,209.3,194.9,199.3,205.0,186.4,180.9,175.0,188.4,175.4,153.6,165.4,163.2,-5.1%,-8.8,-1.4%,-2.3
Iowa,53.5,53.4,56.5,59.5,56.2,55.2,58.6,58.8,58.1,63.3,59.2,58.7,57.7,56.6,57.1,56.1,54.4,56.2,60.4,60.3,61.2,63.4,61.6,64.6,65.7,69.1,72.2,71.7,74.6,76.4,77.8,76.6,77.1,77.2,78.5,78.4,79.5,85.3,88.6,83.6,88.4,85.4,79.5,80.5,81.5,75.4,72.0,74.0,80.1,75.3,63.6,71.2,71.5,33.6%,18.0,0.4%,0.3
Kansas,51.2,52.9,56.2,57.1,57.5,57.6,60.6,62.0,67.7,73.1,67.9,64.7,63.3,63.0,70.9,68.2,65.3,68.5,70.8,68.8,68.9,67.8,65.3,71.4,71.6,69.5,74.6,71.2,70.1,73.2,75.8,71.8,76.3,78.8,76.6,73.0,72.8,79.0,75.0,73.1,72.6,70.6,65.9,69.5,70.0,64.2,62.2,58.7,62.5,60.2,57.4,59.5,62.1,21.5%,11.0,4.4%,2.6
Kentucky,86.3,88.5,94.2,94.5,95.2,91.3,101.0,101.6,102.8,102.7,103.9,103.2,98.5,100.5,105.2,107.9,111.3,113.1,123.2,119.4,120.5,120.1,124.1,134.6,132.4,137.9,139.1,142.9,141.3,146.1,147.0,150.9,151.0,147.4,154.0,155.8,158.6,158.3,155.7,145.8,152.8,151.0,140.4,139.3,140.0,130.9,126.2,116.3,122.2,114.2,100.8,110.8,109.6,27.0%,23.3,-1.1%,-1.2
Louisiana,144.7,147.3,155.9,169.5,172.9,160.3,183.3,205.6,213.2,207.8,198.4,198.4,181.5,169.7,175.7,165.1,174.6,176.3,183.5,187.7,191.5,190.8,197.9,200.9,205.8,206.7,212.9,221.1,207.7,205.9,220.4,198.5,203.9,200.9,207.1,201.2,209.9,210.4,203.9,193.2,203.3,207.5,196.8,188.4,185.7,184.8,188.3,192.6,194.0,194.5,182.5,187.9,191.8,32.5%,47.1,2.1%,3.9
Maine,16.8,20.6,22.2,21.3,18.7,16.1,18.7,19.0,17.7,16.2,14.6,14.4,17.4,13.3,15.2,14.8,18.6,17.4,20.4,19.1,18.9,18.4,19.2,18.8,20.1,18.8,19.3,19.6,19.3,20.2,22.2,22.4,23.9,23.8,24.1,23.1,21.2,20.9,19.0,18.3,17.7,17.3,15.6,16.3,16.4,16.6,16.0,15.2,14.7,14.3,13.4,14.3,14.9,-11.1%,-1.9,4.2%,0.6
Maryland,74.2,75.4,76.3,81.8,76.4,67.2,72.6,67.6,70.2,73.4,67.5,63.2,61.1,62.4,68.7,64.8,66.6,71.2,74.1,77.3,70.4,69.3,67.5,69.6,70.8,70.4,72.6,72.8,76.0,78.5,78.5,79.0,78.9,82.1,83.2,84.8,78.1,78.5,74.5,71.3,71.3,66.7,62.2,61.4,64.0,62.0,60.1,54.7,61.4,56.6,47.7,52.3,50.6,-31.9%,-23.6,-3.2%,-1.7
Massachusetts,99.6,100.0,103.9,103.3,94.4,91.8,96.6,95.3,93.5,80.2,76.8,72.3,75.4,72.8,79.9,79.2,84.7,85.5,85.3,89.1,82.9,81.7,83.7,80.9,81.1,78.5,79.2,85.2,83.1,80.7,82.3,82.0,82.9,84.8,82.9,84.4,76.6,79.9,76.6,70.3,72.7,68.6,62.4,66.3,64.8,66.5,63.8,64.5,63.9,63.1,52.1,56.0,59.2,-40.5%,-40.4,5.7%,3.2
Michigan,186.9,192.8,199.5,200.1,190.5,191.9,193.6,185.0,188.7,188.7,179.3,169.9,158.1,155.1,162.4,166.4,169.9,173.7,180.5,177.6,179.2,177.8,176.7,177.4,185.0,187.6,193.0,190.6,189.8,197.7,193.7,189.2,188.6,186.9,188.6,189.9,179.1,181.8,175.4,164.6,167.5,162.3,155.3,163.7,163.5,164.0,153.9,155.2,163.2,158.6,136.2,147.3,154.0,-17.6%,-32.9,4.5%,6.6
Minnesota,69.4,68.5,72.7,76.0,74.6,72.8,77.9,79.5,80.7,76.9,71.4,67.1,65.2,63.3,67.9,66.8,64.4,68.5,77.1,80.1,79.0,79.0,80.5,84.6,86.1,88.9,93.9,91.6,91.7,92.5,98.1,94.8,97.2,101.8,100.7,101.7,99.1,100.6,99.9,92.1,91.8,91.2,86.2,90.5,95.5,89.0,90.6,90.8,94.3,91.7,78.0,82.9,84.4,21.7%,15.0,1.8%,1.5
Mississippi,38.7,40.6,43.4,44.1,43.4,40.9,43.4,47.3,50.1,50.4,47.7,45.2,45.5,42.8,44.5,43.7,44.8,46.3,49.3,46.0,48.4,48.1,48.2,50.5,50.1,51.6,54.4,55.8,56.6,61.4,61.3,69.8,62.5,64.1,65.7,64.0,66.2,68.3,64.7,60.6,63.6,58.4,60.0,56.8,59.5,61.0,61.9,60.1,62.9,62.2,62.8,62.7,65.1,68.0%,26.3,3.8%,2.4
Missouri,86.7,89.1,94.7,100.0,97.7,100.9,107.2,111.4,110.9,110.0,104.5,101.9,101.1,102.6,106.3,100.7,98.8,101.5,105.4,105.7,103.0,103.4,103.2,101.2,108.8,115.9,122.4,125.9,130.9,131.5,126.6,132.5,133.0,140.5,141.5,144.2,143.0,141.5,138.3,131.9,136.8,136.5,128.8,133.5,133.0,124.3,118.4,123.9,124.3,116.5,108.2,116.4,112.9,30.2%,26.2,-3.1%,-3.6
Montana,14.4,14.9,15.7,17.0,16.5,16.8,19.4,20.6,21.3,22.7,20.3,18.7,16.3,16.6,20.6,22.1,23.5,23.5,28.6,29.0,27.9,29.1,30.5,28.1,31.0,30.7,27.9,29.9,32.0,32.8,31.7,32.0,30.9,33.1,34.8,35.8,36.0,38.0,37.2,33.1,34.9,32.0,30.7,32.0,32.5,32.4,31.0,31.1,31.1,32.1,26.1,28.3,29.5,105.5%,15.1,4.1%,1.2
Nebraska,27.6,27.5,29.5,30.2,29.1,28.8,31.2,31.2,30.8,31.6,30.2,28.4,28.9,29.9,31.6,30.5,28.9,30.1,34.1,32.6,32.9,33.8,32.8,35.9,35.8,38.4,39.5,40.9,42.9,41.7,41.6,42.9,42.3,43.6,43.4,43.8,44.3,44.6,46.6,47.2,49.9,52.3,50.5,53.2,51.9,50.5,48.0,47.5,52.0,50.2,46.2,47.0,48.1,74.4%,20.5,2.3%,1.1
Nevada,10.8,13.8,18.9,20.1,20.4,21.0,22.2,23.7,22.5,23.5,22.4,23.9,25.4,25.2,26.5,23.5,27.1,27.5,31.4,31.4,30.8,32.7,33.7,34.1,36.3,35.5,38.2,38.2,40.8,41.4,45.6,44.8,41.7,44.0,48.1,50.2,41.7,41.8,41.0,39.5,41.4,37.8,37.9,39.6,40.4,38.4,39.8,40.0,41.2,41.6,36.0,39.4,40.4,274.7%,29.6,2.6%,1.0
New Hampshire,12.8,13.4,14.1,13.6,12.6,12.6,13.6,14.1,13.6,12.9,12.8,11.5,11.2,11.2,13.0,13.2,13.9,15.2,15.6,15.8,14.6,14.3,14.4,14.9,14.9,15.1,15.2,16.5,16.5,16.7,17.5,17.0,17.7,21.0,22.0,21.3,19.4,19.2,18.7,17.1,16.7,16.3,14.7,14.4,15.1,15.2,13.8,13.5,14.2,13.9,12.4,13.3,13.8,7.6%,1.0,4.0%,0.5
New Jersey,129.5,125.0,127.9,131.5,119.8,106.0,117.2,113.2,111.0,109.8,110.4,106.9,109.1,110.5,116.8,111.4,113.5,117.9,116.1,120.8,109.3,109.8,116.7,113.6,123.5,123.3,123.4,125.0,120.3,123.8,124.0,120.6,120.6,123.3,125.8,130.3,123.0,130.7,128.2,111.3,105.4,104.8,98.7,100.0,104.5,103.2,105.0,98.8,104.6,100.4,83.4,88.6,92.5,-28.6%,-37.0,4.4%,3.9
New Mexico,35.0,37.3,39.7,40.1,40.6,39.2,42.0,41.8,40.1,40.6,44.9,44.1,45.2,48.7,46.1,46.7,43.2,46.4,48.2,50.5,52.9,48.3,51.0,51.8,51.7,50.4,52.5,55.8,55.4,56.3,58.2,58.4,55.5,57.9,58.9,59.5,60.4,59.0,56.8,57.7,53.9,56.2,54.1,53.5,50.4,50.4,48.5,49.3,45.5,48.6,44.9,45.7,46.5,32.6%,11.4,1.6%,0.7
New York,284.9,277.1,274.1,280.4,258.8,244.5,262.6,259.8,254.5,233.2,221.7,205.6,195.5,178.0,183.0,187.8,190.7,201.6,208.9,213.8,207.3,199.5,199.0,193.6,191.6,197.3,199.8,204.1,202.9,205.6,212.1,207.8,202.0,212.9,215.1,211.3,193.7,199.8,190.0,173.8,184.8,175.0,167.6,168.6,175.7,173.7,169.3,165.1,174.4,168.4,142.8,157.6,166.1,-41.7%,-118.9,5.3%,8.4
North Carolina,97.3,99.2,104.5,109.0,104.3,95.2,106.0,108.2,103.1,110.7,112.7,112.6,108.3,107.7,109.3,107.3,112.5,107.6,111.9,115.8,111.2,110.9,121.5,126.8,121.9,128.3,140.2,142.3,142.0,140.7,149.1,144.3,145.6,147.2,150.1,154.2,148.6,154.4,149.0,132.8,147.0,132.4,124.2,125.8,128.8,124.3,124.3,120.5,123.6,122.1,106.0,115.2,116.6,19.8%,19.3,1.3%,1.5
North Dakota,14.8,15.9,16.9,16.4,16.9,16.2,18.6,19.9,22.4,24.9,25.5,26.9,28.8,30.1,33.9,38.0,38.7,39.3,44.2,43.9,44.6,45.6,47.4,47.6,47.9,47.8,48.7,47.3,48.5,49.6,51.0,51.7,51.6,51.3,49.8,52.7,51.0,52.7,53.1,51.7,52.5,53.9,56.3,56.8,58.8,57.5,54.5,56.4,58.7,56.7,55.4,56.1,57.0,286.4%,42.3,1.6%,0.9
Ohio,275.5,270.1,285.1,291.8,291.9,284.4,296.7,293.7,294.6,293.1,270.9,264.3,242.8,231.9,240.0,240.2,245.5,247.9,257.9,258.1,247.2,245.6,250.1,253.8,250.1,252.5,265.4,261.2,260.4,259.6,266.6,256.7,262.5,270.4,265.6,271.8,265.2,271.1,264.6,239.3,247.0,234.7,214.5,227.3,229.0,210.4,204.3,204.1,208.0,195.8,184.8,193.2,196.2,-28.8%,-79.3,1.6%,3.0
Oklahoma,55.6,56.5,59.4,59.8,62.0,62.5,69.1,72.3,77.2,80.2,77.3,80.3,85.0,85.5,87.4,84.2,77.9,82.5,85.8,87.2,87.9,89.2,92.2,95.2,93.4,94.6,97.3,98.5,97.0,96.1,100.1,101.4,101.5,104.1,99.6,106.3,109.1,109.4,111.9,106.0,105.7,106.7,104.5,102.6,104.0,99.8,95.5,92.8,97.9,90.9,83.6,87.3,87.1,56.5%,31.4,-0.3%,-0.3
Oregon,25.6,27.0,29.3,29.7,27.4,26.8,26.7,27.5,29.6,30.2,28.3,29.8,28.9,25.7,27.3,26.9,26.4,27.6,29.5,30.6,30.8,34.4,35.7,35.1,36.8,34.1,36.2,35.9,41.6,43.1,41.5,40.6,39.1,39.8,40.7,41.1,40.3,43.7,42.6,40.7,40.5,36.9,36.6,38.8,37.6,37.6,37.3,38.5,39.3,41.6,37.2,38.2,37.6,46.7%,12.0,-1.6%,-0.6
Pennsylvania,306.9,303.6,315.1,325.8,305.2,291.4,308.7,303.1,302.8,316.2,294.3,271.2,240.7,246.0,262.7,251.0,246.0,257.0,269.4,272.2,264.3,257.1,265.3,269.5,266.8,269.6,275.1,276.8,266.1,264.7,278.4,264.9,271.7,276.0,279.0,281.3,275.6,278.5,269.9,245.0,255.9,249.4,239.4,248.9,248.8,232.2,217.2,214.5,219.4,218.0,192.5,213.7,213.5,-30.4%,-93.4,-0.1%,-0.2
Rhode Island,13.1,13.6,13.5,12.5,11.5,10.5,10.6,11.0,10.1,9.3,8.4,7.7,7.4,7.7,8.5,8.5,9.5,9.8,10.3,9.2,8.9,10.7,13.0,10.8,12.8,12.0,13.5,13.6,13.8,13.1,11.8,12.3,11.7,11.6,11.0,11.2,10.5,11.1,10.6,11.2,11.0,11.0,10.5,10.0,10.5,10.8,9.6,9.9,11.0,10.3,9.8,10.6,10.2,-22.5%,-3.0,-4.5%,-0.5
South Carolina,42.2,44.1,46.9,48.9,45.7,42.7,50.7,54.2,53.2,52.9,55.2,55.8,52.4,49.7,53.2,54.1,54.4,58.2,61.5,60.9,61.1,62.2,61.5,65.9,66.0,65.1,69.4,71.4,74.9,78.6,82.0,80.3,81.7,82.6,90.1,88.4,89.2,89.3,86.9,81.9,85.8,81.0,74.3,69.9,74.4,73.0,71.8,69.5,73.7,69.0,63.2,68.9,67.3,59.3%,25.1,-2.4%,-1.7
South Dakota,9.4,9.3,9.7,9.4,9.2,10.9,12.5,12.3,12.9,12.7,11.6,10.9,11.4,10.4,10.8,11.1,10.7,9.4,11.5,11.7,11.8,11.6,11.7,12.3,12.9,12.7,12.7,13.2,12.8,13.4,14.2,13.5,13.8,13.8,13.8,13.3,13.4,13.8,14.9,14.7,15.1,14.6,14.8,15.3,15.3,14.0,14.7,14.5,15.4,15.9,14.8,15.1,15.6,67.1%,6.3,3.9%,0.6
Tennessee,77.9,76.4,87.0,98.7,90.3,89.7,102.0,102.5,104.2,101.8,100.8,99.5,88.2,94.9,99.0,103.4,104.9,103.9,106.8,103.3,105.4,100.7,106.5,117.0,111.6,118.5,119.6,122.8,121.9,122.8,128.7,127.1,126.2,125.0,126.9,128.1,129.8,129.0,122.4,101.8,109.2,105.3,98.8,96.8,102.1,98.2,100.7,96.8,93.3,91.7,82.8,92.1,91.1,16.9%,13.2,-1.1%,-1.0
Texas,360.0,376.9,399.2,435.8,428.4,407.4,422.8,461.9,493.3,518.0,525.1,520.7,493.2,490.8,507.9,513.4,508.9,516.2,547.2,565.7,570.1,564.5,571.1,587.1,586.6,590.0,635.2,649.1,655.4,645.8,672.5,666.3,676.9,669.9,669.1,643.6,647.9,645.7,623.3,589.5,614.9,633.7,625.7,655.4,659.3,652.4,653.2,661.3,681.0,680.7,624.5,662.0,663.0,84.2%,303.0,0.1%,1.0
Utah,24.4,25.5,25.8,28.3,29.6,31.0,30.8,32.0,34.1,36.7,36.0,33.8,32.2,33.5,35.9,36.9,35.9,44.5,51.7,52.3,54.5,53.4,55.0,56.7,57.8,58.0,58.8,61.1,63.5,62.4,65.4,63.2,62.5,63.5,65.9,67.5,68.7,70.7,69.8,65.0,64.0,64.3,61.5,66.3,65.1,63.4,58.6,58.8,61.0,61.3,57.1,62.0,60.1,146.0%,35.6,-3.1%,-1.9
Vermont,5.5,5.5,5.8,5.9,5.3,5.2,5.9,5.8,5.8,5.4,4.6,4.5,4.1,4.4,5.0,5.2,5.1,5.4,5.7,5.6,5.5,5.7,6.1,6.2,6.0,6.0,6.3,6.5,6.3,6.5,6.8,6.6,6.4,6.7,7.1,6.8,6.7,6.5,5.9,6.2,5.9,5.8,5.4,5.7,5.9,6.1,5.9,5.8,5.8,6.0,5.4,5.5,5.5,-0.6%,0.0,-0.6%,0.0
Virginia,86.6,87.4,88.7,89.6,85.0,81.2,86.1,87.4,84.7,89.5,81.9,78.3,74.8,77.3,83.1,82.6,87.5,94.0,97.2,100.2,95.2,96.3,97.6,101.7,100.5,103.0,107.8,110.0,111.8,113.9,123.3,120.8,119.3,124.1,127.7,129.4,123.0,128.1,116.7,105.7,111.8,102.3,98.3,105.3,107.0,107.1,109.5,105.0,109.5,106.2,97.6,98.0,96.2,11.1%,9.6,-1.8%,-1.8
Washington,44.7,46.1,52.2,57.3,53.1,54.8,54.9,60.0,58.8,61.7,58.0,58.9,54.8,50.3,56.9,59.4,60.5,66.3,70.2,72.3,71.5,72.0,80.5,75.1,80.1,78.0,81.6,79.3,83.9,85.3,84.1,79.5,73.1,75.6,77.4,78.8,76.9,82.0,79.1,76.7,73.2,68.7,67.7,73.5,72.1,74.7,78.8,78.6,78.1,83.8,68.0,73.4,74.7,67.1%,30.0,1.8%,1.3
West Virginia,77.0,78.0,89.1,97.6,100.4,97.9,104.2,103.0,96.7,101.0,102.5,104.0,95.9,97.4,105.5,102.2,101.7,102.0,106.9,109.6,103.4,95.8,98.0,98.8,106.5,104.9,107.8,111.1,115.3,116.4,115.7,105.6,118.5,115.3,112.5,114.5,114.8,117.0,112.7,90.1,100.5,97.8,92.1,94.2,99.8,91.8,94.3,90.6,88.9,85.2,76.7,88.2,79.2,2.8%,2.2,-10.2%,-9.0
Wisconsin,88.3,84.8,84.3,85.5,82.1,80.9,84.2,87.3,88.7,88.4,81.7,78.4,77.2,78.8,81.1,80.7,80.4,81.9,86.5,87.1,85.8,88.1,87.2,90.5,93.6,96.6,100.6,103.1,101.0,105.4,107.8,105.9,107.1,105.5,107.7,110.9,103.1,104.8,105.2,96.3,98.9,98.0,90.7,101.0,100.9,99.5,95.2,98.2,100.7,94.4,86.6,92.3,90.6,2.6%,2.3,-1.8%,-1.7
Wyoming,18.6,18.8,21.7,23.7,23.9,25.4,30.9,36.3,37.1,42.0,41.1,45.1,46.5,42.1,46.4,50.5,43.2,53.3,55.5,53.6,57.2,55.5,61.2,58.2,60.4,58.2,59.6,59.0,63.9,62.5,63.5,63.7,62.5,64.5,64.4,63.7,64.5,66.8,67.2,64.0,65.6,64.4,66.6,68.8,65.8,63.9,61.0,62.6,63.6,58.9,55.4,54.4,56.2,201.7%,37.6,3.3%,1.8
Total of states,"4,255.8","4,301.1","4,520.4","4,717.1","4,545.5","4,420.4","4,689.3","4,827.4","4,868.9","4,933.4","4,755.1","4,636.0","4,392.3","4,373.6","4,596.9","4,600.0","4,603.9","4,755.8","4,984.8","5,059.2","5,018.5","4,971.6","5,066.1","5,161.0","5,232.4","5,297.0","5,495.0","5,568.1","5,602.6","5,665.9","5,857.7","5,748.1","5,783.7","5,855.1","5,953.1","5,978.6","5,900.0","5,990.4","5,797.6","5,384.8","5,576.4","5,436.3","5,215.7","5,340.0","5,395.8","5,242.9","5,149.7","5,114.4","5,267.2","5,134.8","4,572.0","4,895.6","4,934.4",15.9%,678.6,0.8%,38.8
"Source:  U.S. Energy Information Administration, State Energy Data System (SEDS) and EIA calculations made for this analysis.",,,,,,,,,,,,,,,,,,,,,,,,,,,,,,,,,,,,,,,,,,,,,,,,,,,,,,,,,
,,,,,,,,,,,,,,,,,,,,,,,,,,,,,,,,,,,,,,,,,,,,,,,,,,,,,,,,,
,,,,,,,,,,,,,,,,,,,,,,,,,,,,,,,,,,,,,,,,,,,,,,,,,,,,,,,,,